{"schemaVersion":"1.0","appDefinitionTemplate":{"id":"/providers/Microsoft.PowerApps/apps/","type":"Microsoft.PowerApps/apps","tags":{"primaryDeviceWidth":"640","primaryDeviceHeight":"1136","supportsPortrait":"true","supportsLandscape":"false","primaryFormFactor":"Phone","showStatusBar":"true","publisherVersion":"3.25042.10","minimumRequiredApiVersion":"2.2.0","hasComponent":"false","hasUnlockedComponent":"false","isUnifiedRootApp":"false","sienaVersion":"20250423T113259Z-3.25041.10.0"},"properties":{"appVersion":"2025-04-24T07:55:48Z","lifeCycleId":"Published","createdByClientVersion":{"major":3,"minor":25042,"build":10,"revision":0,"majorRevision":0,"minorRevision":0},"minClientVersion":{"major":3,"minor":25042,"build":10,"revision":0,"majorRevision":0,"minorRevision":0},"backgroundColor":"rgba(119, 67, 96, 1)","backgroundImageUri":"/17678398333465380849/N4ded13d7-dae9-4877-873b-f89df0dc4609-logoSmallFile","displayName":"GeoPrepBeta","commitMessage":"","appUris":{"documentUri":{"value":"/17678398333465380849/N59fea63b-3e2d-433b-b775-55f343fd2250-document.msapp"},"imageUris":[],"additionalUris":[{"isSolutionAware":false,"value":"/17678398333465380849/Nb67eecda-0850-4c56-82c9-68e5260981f6-identity.json"}]},"createdTime":"0001-01-01T00:00:00Z","lastModifiedTime":"0001-01-01T00:00:00Z","sharedGroupsCount":0,"sharedUsersCount":0,"connectionReferences":{"28f0ffae-6224-4683-8f63-948a04ba5927":{"id":"afb2d237-2118-4db3-ae07-e97fa3114788","displayName":"SharePoint","iconUri":"https://conn-afd-prod-endpoint-bmc9bqahasf3grgk.b01.azurefd.net/releases/v1.0.1746/1.0.1746.4174/sharepointonline/icon.png","dataSources":["Attendance","NAME"],"dependencies":[],"dependents":[],"parameterHints":{},"parameterHintsV2":{},"isOnPremiseConnection":false,"bypassConsent":false,"dataSets":{"https://almaproinfo.sharepoint.com/sites/EMPcheckincheckout":{"dataSources":{"Attendance":{"tableName":"5ee6f7eb-e3f3-4278-ad72-831ba1e14687"},"NAME":{"tableName":"141ac9cf-eb6d-4200-b44b-0a2a1f33824e"}}}},"apiTier":"Standard","isCustomApiConnection":false,"actions":["providers/PowerPlatform.Governance/Operations/Read","providers/PowerPlatform.Governance/Operations/Write"]}},"databaseReferences":{},"almMode":"Environment","performanceOptimizationEnabled":true,"canConsumeAppPass":false,"enableModernRuntimeMode":false,"executionRestrictions":{"isTeamsOnly":false,"dataLossPreventionEvaluationResult":{"status":"Compliant","lastEvaluationDate":"2025-03-03T06:14:08.550647Z","violations":[],"violationsByPolicy":[],"violationErrorMessage":"The app uses the following connectors: shared_sharepointonline."}}},"isAppComponentLibrary":false,"appType":"ClassicCanvasApp","appComponents":[]}}